<assembly
	xmlns="http://maven.apache.org/plugins/maven-assembly-plugin/assembly/1.1.0"
	xmlns:xsi="http://www.w3.org/2001/XMLSchema-instance"
	xsi:schemaLocation="http://maven.apache.org/plugins/maven-assembly-plugin/assembly/1.1.0 http://maven.apache.org/xsd/assembly-1.1.0.xsd">
	<id>${elk-owlapi.assembly-id}</id>
	<baseDirectory>${elk-owlapi.file}</baseDirectory>
	<formats>
		<!-- the type of the archive -->
		<format>zip</format>
	</formats>
	<fileSets>
		<fileSet>
			<!-- Example sources -->
			<directory>src/main/java</directory>
			<outputDirectory>examples/src</outputDirectory>
		</fileSet>
	</fileSets>
	<files>
		<!-- the additional files to be bundled in the archive -->
		<file>
			<source>${basedir}/LICENSE.txt</source>
			<filtered>true</filtered>
		</file>
		<file>
			<source>${basedir}/target/Changes.txt</source>
			<filtered>false</filtered>
		</file>
		<file>
			<source>${basedir}/src/main/resources/owlapi/README.txt</source>
			<filtered>true</filtered>
		</file>
	</files>
	<dependencySets>
		<!-- description of the maven packages to be bundled in the archive -->
		<dependencySet>
			<!-- including the binaries -->
			<includes>
				<include>*:elk-owlapi-standalone:jar:bin</include>
			</includes>
			<!-- we omit the version numbers in the included artifact names -->
			<outputFileNameMapping>${elk-owlapi.base}.jar</outputFileNameMapping>
			<!-- don't include the artifact for this project -->
			<useProjectArtifact>false</useProjectArtifact>
		</dependencySet>
		<dependencySet>
			<!-- including the sources -->
			<includes>
				<include>*:elk-owlapi-standalone:jar:src</include>
			</includes>
			<!-- we omit the version numbers in the included artifact names -->
			<outputFileNameMapping>${elk-owlapi.base}-sources.jar</outputFileNameMapping>
			<!-- don't include the artifact for this project -->
			<useProjectArtifact>false</useProjectArtifact>
		</dependencySet>
		<dependencySet>
			<!-- including the third-party libaries -->
			<includes>
				<include>*:elk-owlapi-standalone:jar:lib</include>
			</includes>
			<unpack>true</unpack>
			<unpackOptions>
				<excludes>
					<exclude>META-INF/**</exclude>
				</excludes>
			</unpackOptions>
			<outputDirectory>lib</outputDirectory>
			<!-- don't include the artifact for this project -->
			<useProjectArtifact>false</useProjectArtifact>
		</dependencySet>
	</dependencySets>

</assembly>
