<assembly
	xmlns="http://maven.apache.org/plugins/maven-assembly-plugin/assembly/1.1.0"
	xmlns:xsi="http://www.w3.org/2001/XMLSchema-instance"
	xsi:schemaLocation="http://maven.apache.org/plugins/maven-assembly-plugin/assembly/1.1.0 http://maven.apache.org/xsd/assembly-1.1.0.xsd">
	<id>${elk-standalone.assembly-id}</id>
	<baseDirectory>${elk-standalone.file}</baseDirectory>
	<formats>
		<!-- the type of the archive -->
		<format>zip</format>
	</formats>
	<files>
		<!-- the additional files to be bundled in the archive -->
		<file>			
			<source>${basedir}/src/main/resources/standalone/README.txt</source>
			<filtered>true</filtered>
		</file>
		<file>
			<source>${basedir}/LICENSE.txt</source>
			<filtered>true</filtered>
		</file>
		<file>
			<source>${basedir}/target/Changes.txt</source>
		</file>
	</files>
	<dependencySets>
		<!-- the description of the maven packages to be bundled in the archive -->
		<dependencySet>
			<includes>
				<include>*:elk-standalone:*</include>
			</includes>
			<!-- we omit the version numbers in the included artifact names -->
			<outputFileNameMapping>${elk-standalone.base}.jar</outputFileNameMapping>
			<!-- don't include the artifact for this project -->
			<useProjectArtifact>false</useProjectArtifact>
		</dependencySet>
	</dependencySets>
</assembly>